,basicTB,ridgeTB,svmTB,basic,ridge,svm,sums,WAR,Wins
0,0.288697071898,0.285788764354,0.547086712334,0.27365165772,0.273375759257,0.553217481941,0.207984319646,0.290420666719,0.309090909091
1,0.284241158677,0.281824180244,0.784371406898,0.255221984605,0.255337950897,0.784002694703,0.221820053313,0.398809313324,0.272727272727
2,0.666877566584,0.653832883826,0.749546568148,0.661251361383,0.6569054884,0.734433896031,0.471180231769,0.643482130386,0.981818181818
3,0.455158229509,0.451364050247,0.773100343175,0.465984158896,0.465336119403,0.766979624626,0.301111294836,0.492002815073,0.690909090909
4,0.340693266395,0.326866643487,0.422529235386,0.364213408728,0.36044818381,0.420429948606,0.150078667548,0.252214307653,0.363636363636
5,0.189025221691,0.182665541082,0.20199131075,0.231108002168,0.228949469303,0.21448661584,0.0623985581983,0.0647592915936,0.2
6,0.233565525435,0.223871502717,0.431748027406,0.225586094898,0.22318436545,0.437801522044,0.116836176822,0.166737562039,0.563636363636
7,0.202959621273,0.194124047944,0.671532595297,0.215639312992,0.212320589088,0.672648613708,0.129758408946,0.199994169581,0.472727272727
8,0.288629767669,0.285960458815,0.0758077337689,0.310249974695,0.309754037241,0.0910064669417,0.133718506233,0.174978964409,0.563636363636
9,0.325878674946,0.31203525073,0.30562080447,0.323339508344,0.319068985028,0.310602006543,0.148848711042,0.18195606779,0.418181818182
10,0.460513736922,0.458773228687,0.172332758406,0.462424418238,0.463908509231,0.181069157057,0.354845940406,0.359591023533,0.709090909091
11,0.309169952973,0.301060121263,0.192179454249,0.286528860945,0.284577163124,0.206676962525,0.123967815103,0.146028278449,0.690909090909
12,0.370720511319,0.357560752048,0.538411533937,0.370959719524,0.366299931103,0.536949447662,0.227314896359,0.303195847643,0.127272727273
13,0.0877141476528,0.077705441317,0.680138585987,0.0717781282149,0.068793492335,0.683609646388,0.0341632320913,0.117494755074,0.254545454545
14,0.28235508005,0.274382867953,0.783860423214,0.296194446003,0.293371891184,0.779144797951,0.189157439589,0.336346121931,0.872727272727
15,0.535362676478,0.525518743985,0.523782628804,0.53018927358,0.52730263633,0.519538561209,0.359894789211,0.47294929215,0.672727272727
16,0.321767119943,0.324723937131,0.551207989158,0.300417042649,0.303080597441,0.561996564605,0.207791668041,0.312689888164,0.490909090909
17,0.479194440367,0.46987526356,0.533341241931,0.497311342839,0.495805447978,0.530375431009,0.246014447462,0.37799369648,0.418181818182
18,0.201309456723,0.189512808585,0.195543161912,0.222494435832,0.218596533444,0.205597787182,0.0748467581916,0.0629668167433,0.309090909091
19,0.290489678431,0.27933378088,0.0698294135547,0.279930667295,0.276868559882,0.0824670172065,0.132567840547,0.117498245482,0.636363636364
20,0.151444676141,0.145031365888,0.317166108387,0.133439754275,0.131908147922,0.330385448955,0.107904460883,0.0889296611539,0.363636363636
21,0.389177233286,0.382711775351,0.65464282047,0.330846348101,0.330070229586,0.657027888299,0.303785491251,0.378968226241,0.654545454545
22,0.151917388419,0.153597327823,0.198040744403,0.154022938167,0.156295010981,0.216038009971,0.161253212347,0.111014257009,0.636363636364
23,0.208786862618,0.195828346629,0.667188139392,0.1883201695,0.183461331208,0.668540705047,0.166981929475,0.186110084723,0.4
24,0.187444400751,0.181769812237,0.0786713867254,0.203837305277,0.203443927327,0.0929642624115,0.085095549151,0.0840032705254,0.381818181818
25,0.434469874099,0.421987040381,0.411557506093,0.432390784132,0.42871221686,0.409525794149,0.283315933531,0.361114750039,0.745454545455
26,0.489763341553,0.48373984711,0.770447471979,0.482107452185,0.480120692786,0.764058512404,0.333543735871,0.509730087533,0.454545454545
27,0.325788646684,0.315825495538,0.18703074911,0.325173151389,0.322664986966,0.196165780315,0.158213207747,0.174723066518,0.545454545455
28,0.0,0.0,0.326576970711,0.0,0.0,0.3448014818,0.10958674974,0.0163192392532,0.327272727273
29,0.537797583714,0.521022676389,0.406551149264,0.532529786618,0.527237580588,0.403098769364,0.278260127829,0.373844359569,0.727272727273
30,0.509155531554,0.4949891718,0.526962999972,0.470065292512,0.464888200349,0.524711690394,0.312191781009,0.410182291461,0.672727272727
31,0.341337435496,0.332163820586,0.66307996678,0.3331145513,0.330649182934,0.661147167758,0.177167572113,0.328323216488,0.527272727273
32,0.364715475291,0.359465693137,0.540082792958,0.350419585335,0.349803879479,0.54344894168,0.251208630206,0.331146302936,0.709090909091
33,0.361354883769,0.361214680904,0.543045443232,0.355138340559,0.356241922467,0.548817849168,0.256004295303,0.35753214035,0.636363636364
34,0.297956525489,0.28980752778,0.547371225477,0.301632258056,0.299281026415,0.54793742995,0.156154256614,0.291058666242,0.6
35,0.217953650769,0.213354861545,0.433949197584,0.23959144335,0.237963260285,0.44090329587,0.145053447042,0.19525006453,0.290909090909
36,0.44079887328,0.427348974125,0.529875357251,0.430931437593,0.427177086322,0.526328993006,0.285187536642,0.35394719065,0.745454545455
37,0.27795426632,0.267109269359,0.668592896117,0.258773461849,0.25502340231,0.669760686378,0.129530073798,0.247251705675,0.490909090909
38,0.389648526616,0.376085733528,0.298835383892,0.408552823614,0.404868852469,0.298222054459,0.182984065687,0.281727040812,0.581818181818
39,0.32293088549,0.306349449179,0.425395559403,0.337691762125,0.332764868609,0.425525250763,0.103271042667,0.169912369189,0.472727272727
40,0.369829385574,0.363355586284,0.060863834215,0.37592442448,0.375396118015,0.0725841188142,0.248693005675,0.205587751047,0.781818181818
41,0.332681242187,0.325422671879,0.18415864809,0.292664044623,0.290984691771,0.198563879665,0.240346078574,0.192283243865,0.327272727273
42,0.402676269331,0.388477010319,0.534396936774,0.409050771321,0.405083078566,0.529285821231,0.241176456437,0.341825199713,0.4
43,0.235967070626,0.227051685115,0.544198665366,0.229850321389,0.226192367468,0.546353960904,0.239049649984,0.245441700349,0.327272727273
44,0.137547412935,0.138875338889,0.323498633108,0.134751480073,0.135990892507,0.340458868244,0.0980687082768,0.121467636826,0.545454545455
45,0.508680983253,0.502810469913,0.290079352079,0.478199503018,0.477468290861,0.295780974806,0.341073368869,0.408537041236,0.581818181818
46,0.360463539556,0.355383332367,0.898544444768,0.348233966482,0.347378195551,0.895175639794,0.258860728888,0.393768419011,0.727272727273
47,0.368473974985,0.36170326631,0.771148130621,0.346831323545,0.344726474942,0.767621232098,0.351676849306,0.419529107356,0.581818181818
48,0.147085722717,0.144256964157,0.0860263079563,0.140487722267,0.140247404663,0.108901347689,0.0574760948338,0.0,0.218181818182
49,0.138491375804,0.132409404859,0.207938521921,0.147903898434,0.146205887013,0.225094348268,0.0,0.0136585678961,0.290909090909
50,0.154958009009,0.155409604961,0.317740543318,0.14263108703,0.144347520023,0.334669641976,0.157727994725,0.117989020379,0.454545454545
51,0.574755313721,0.565222852923,0.640480886458,0.574185401438,0.571867131689,0.632848324265,0.405023745008,0.515165933932,0.654545454545
52,0.137799492051,0.140336276813,0.314662076327,0.134905133516,0.138031711658,0.329152894346,0.1993707074,0.171277171013,0.327272727273
53,0.227778606765,0.218744721118,0.668200711014,0.240928962404,0.238683826269,0.665855643032,0.137277824707,0.266862595775,0.654545454545
54,0.335784420986,0.33199990372,0.18501585239,0.333136580154,0.33383749876,0.197222046585,0.226626511912,0.224137648619,0.290909090909
55,0.242634133091,0.234347311837,0.438766427311,0.231911595797,0.228836943952,0.449125173728,0.0616632849739,0.129536113663,0.581818181818
56,0.517416740513,0.499345866849,0.641814677576,0.515341217049,0.50822684405,0.63099572392,0.344939040831,0.430782901785,0.363636363636
57,0.319881859689,0.312888911331,0.191181447427,0.31034971744,0.308750219874,0.204183314588,0.148069985145,0.160914933985,0.527272727273
58,0.281795962377,0.27497227562,0.543726548563,0.275169321874,0.274062525822,0.545892287203,0.211328421972,0.285210337281,0.6
59,0.290615903891,0.280871024778,0.665156903209,0.291137368073,0.28759444268,0.663472228633,0.165599710264,0.292929433428,0.272727272727
60,0.27552137205,0.27285147865,0.543917062734,0.259983932412,0.260449528311,0.548338369417,0.237126366404,0.321743405204,0.290909090909
61,0.380926315718,0.369575449023,0.774194989538,0.360163761903,0.356415824755,0.767878801911,0.253977447885,0.400115693299,0.509090909091
62,0.368366721007,0.356144655979,0.659467102256,0.351243532266,0.347230363963,0.656046316227,0.20789279618,0.351291199315,0.672727272727
63,0.543967481065,0.530603827792,0.517378898233,0.563618027728,0.560018478723,0.506425781583,0.405873144238,0.504393554354,0.745454545455
64,0.13103684522,0.129008295949,0.442226776047,0.125253711007,0.125290897784,0.453734274678,0.0834906981943,0.156848569433,0.4
65,0.144621217084,0.14184245248,0.554926665,0.133813268016,0.134195089038,0.561920817213,0.148101997025,0.198214545184,0.436363636364
66,0.126968407226,0.119670940779,0.679983156701,0.107008598831,0.104469772296,0.685713111908,0.0684587463084,0.155789916917,0.272727272727
67,0.276059112032,0.268059861935,0.187833481577,0.314542580906,0.313007773848,0.195457582324,0.164652680251,0.160975695845,0.454545454545
68,0.484793902273,0.471432983349,0.408055114621,0.462844932752,0.458295847307,0.407362215121,0.315318295415,0.376730547888,0.6
69,0.280182609058,0.266483764638,0.542509831334,0.283155981251,0.278933906912,0.540674200188,0.176564154039,0.229233474372,0.272727272727
70,0.401071138974,0.399802624247,0.538946597668,0.38795562421,0.388967313223,0.543294301665,0.284425848403,0.388338403031,0.672727272727
71,0.326444381826,0.321292670668,0.426996449936,0.304338357366,0.303677111427,0.435699208207,0.198810571236,0.261708348174,0.654545454545
72,0.211435487883,0.204370085335,0.669754210088,0.203666405326,0.20140500451,0.671454414809,0.170890023803,0.247479562648,0.309090909091
73,0.284216222403,0.273555988059,0.430720468056,0.291386185196,0.287971158825,0.435500847003,0.108257467792,0.182885026156,0.181818181818
74,0.174271992176,0.173682794499,0.436206972867,0.145035968316,0.146046226365,0.447771262336,0.147026880664,0.222152377749,0.745454545455
75,0.418027293422,0.41284945364,0.651672794402,0.417592992661,0.416115092812,0.649816496124,0.340236787175,0.425025715614,0.345454545455
76,0.324259259965,0.324071040004,0.652541484515,0.310457243702,0.312594084348,0.654567157206,0.364424663933,0.394097929214,0.854545454545
77,0.682688673625,0.66556772699,0.623016978158,0.65180490954,0.646294682167,0.609054887597,0.521066339243,0.615802763449,0.836363636364
78,0.288127765995,0.279648753573,0.0727146968332,0.298191638813,0.296502614873,0.084958102271,0.113844454507,0.129696188742,0.218181818182
79,0.288872808021,0.287445058662,0.424765980266,0.264346668413,0.265427201709,0.431998529905,0.239568838684,0.322682874012,0.454545454545
80,0.299089347043,0.302196630421,0.424798511533,0.318241379667,0.320731435071,0.433977335583,0.284546305696,0.303451745534,0.527272727273
81,0.578856282297,0.569898526124,0.756367305633,0.582345490569,0.579584822399,0.744102650245,0.45868428182,0.596482832193,0.963636363636
82,0.194233090478,0.185353080397,0.432636885298,0.197677746742,0.195794885045,0.437234876938,0.107863485651,0.176292364419,0.381818181818
83,0.34500034055,0.331001896411,0.53593274096,0.324360642966,0.319570157005,0.534287608547,0.254010947164,0.300431183044,0.745454545455
84,0.516303731458,0.503254431032,0.0473666643101,0.492691270225,0.489155451559,0.0549976912225,0.337801830889,0.293844351726,0.454545454545
85,0.534981247864,0.521954175925,0.166789423536,0.535424499817,0.531887108385,0.170062580425,0.323199968113,0.329316427122,0.818181818182
86,0.281839794476,0.273705790795,0.548020921322,0.277707510912,0.276467042288,0.549253776195,0.141351969975,0.260054927518,0.472727272727
87,0.448627240961,0.439739026488,0.176780990138,0.484347953088,0.482662920662,0.178789414008,0.248719073114,0.326020096253,0.254545454545
88,0.305769795259,0.298539460144,0.182497831868,0.289713075272,0.289036482849,0.192351306212,0.239048035141,0.221950221683,0.490909090909
89,0.211793869896,0.195790499029,0.784751405647,0.20887961438,0.202735536809,0.779078965305,0.14130158328,0.223951872633,0.236363636364
90,0.194604872393,0.1977467629,0.432524002905,0.195295157156,0.198082781341,0.443726463295,0.206203081219,0.256923351751,0.454545454545
91,0.46287253574,0.448022339448,0.648700679781,0.431609853928,0.426460178719,0.641759361707,0.287234758815,0.430722139926,0.563636363636
92,0.31864808619,0.305633404267,0.66052884128,0.300809853982,0.296224322824,0.658680994303,0.212380636085,0.289876149996,0.327272727273
93,0.591802929034,0.583896384991,0.512721949916,0.565526093756,0.56457133934,0.506602152155,0.500523333372,0.578796451105,0.8
94,0.311086058254,0.299991944399,0.423726537007,0.293942735071,0.290531868889,0.428327567678,0.19263221382,0.227590564159,0.418181818182
95,0.207765954357,0.201739525305,0.435503900467,0.214440436586,0.21299267898,0.443345301156,0.109597876768,0.158230901733,0.309090909091
96,0.170915311082,0.166796152629,0.667176703776,0.157959476699,0.157483943303,0.668441054466,0.210074791518,0.281217585042,0.0909090909091
97,0.402096419036,0.396346105374,0.410375379071,0.387010351978,0.385295265507,0.412022696739,0.374176066918,0.414752281364,0.690909090909
98,0.326605197122,0.316033483771,0.54430505827,0.30924117953,0.305625482412,0.546937292644,0.182751822449,0.259128309163,0.309090909091
99,0.287200971197,0.272942586496,0.542174688685,0.291157715223,0.286241444488,0.541302186372,0.189365485293,0.224175049583,0.545454545455
100,0.507542223026,0.499025653712,0.288295345666,0.488163120589,0.485757090407,0.293986759462,0.362674163387,0.355264081067,0.472727272727
101,0.257410300662,0.256702485937,0.544205656107,0.272174070954,0.273720598293,0.547699358888,0.262932569448,0.320847167779,0.763636363636
102,0.472863831091,0.456549440835,0.531043886135,0.465086531952,0.459559367067,0.525161920721,0.248975008258,0.38434331078,0.654545454545
103,0.392113178666,0.377912115279,0.532171034316,0.374602291017,0.370176108225,0.529269715372,0.274402648008,0.328563923914,0.2
104,0.200210122522,0.19614704291,0.437350078408,0.180660293234,0.179731740557,0.44858529882,0.103747842347,0.171689653574,0.6
105,0.43736532472,0.435249396408,0.409586463178,0.40529024936,0.405620997611,0.4144355046,0.396057895275,0.441138118779,0.690909090909
106,0.479838576183,0.484678772361,0.405275549526,0.46631262898,0.470455769248,0.411692010202,0.472320444674,0.495383268697,0.872727272727
107,0.500855765444,0.486675938041,0.641572502229,0.472052376128,0.466903746234,0.634552328361,0.377155563062,0.4480544603,0.527272727273
108,0.596740269263,0.579896834985,0.164494190528,0.586531474083,0.580902832407,0.164777430755,0.308403724202,0.369692682647,0.672727272727
109,0.545726717436,0.529821623415,0.400590024233,0.574797107991,0.5700730812,0.393009515053,0.334815904228,0.414919376477,0.636363636364
110,0.340384108904,0.337156765381,0.419260412034,0.30510722913,0.305666442788,0.426498570922,0.293723557273,0.330065439921,0.454545454545
111,0.773307574099,0.753950704047,0.621712429236,0.740896107183,0.734629614199,0.60649036987,0.491473222177,0.628046278104,0.945454545455
112,0.157961855386,0.14800329998,0.435819449231,0.184863502091,0.181973168967,0.440597626535,0.0777784809991,0.109196081252,0.218181818182
113,0.347520486279,0.34163359881,0.299769933005,0.333025345925,0.332077303199,0.308150829385,0.275525485888,0.275681235808,0.436363636364
114,0.324432555619,0.311891994255,0.656372346153,0.350151552962,0.346138802878,0.64993942994,0.243001880445,0.308636374065,0.672727272727
115,0.419836564068,0.410009540042,0.53034376553,0.386520332476,0.383501649889,0.52912599931,0.327403578768,0.401523726506,0.509090909091
116,0.491986320912,0.476624581706,0.404868997754,0.475529429623,0.471044841612,0.400806333926,0.322857447419,0.386695492818,0.527272727273
117,0.477371115672,0.465431531532,0.290873413986,0.462509574418,0.459103119851,0.293523152561,0.304317847488,0.335394953066,0.436363636364
118,0.232032665179,0.230703335311,0.0775074070434,0.224740390536,0.22646338743,0.0960479885315,0.126195446997,0.122982003286,0.2
119,0.254867635447,0.249195584227,0.310551548201,0.246978499745,0.245395421365,0.321230930316,0.173888965589,0.195976866831,0.272727272727
120,0.456793080863,0.451180704556,0.762351481902,0.437872581916,0.436293441959,0.755027703939,0.437713292623,0.563048619096,0.218181818182
121,0.609262895775,0.604945629576,0.744502890462,0.608000087419,0.606165424291,0.732671987914,0.640740993236,0.714208934647,0.636363636364
122,0.468432020439,0.464898846112,0.525779627368,0.435968687626,0.434408735781,0.529307454446,0.486770471663,0.466781963428,0.581818181818
123,0.638793655593,0.637738818517,0.628202524936,0.618912098489,0.619764333001,0.622664092039,0.614416016973,0.691344945062,0.872727272727
124,0.438634213923,0.435853501051,0.403379438582,0.403704271589,0.402496354559,0.408446191103,0.511597752744,0.462875673954,0.509090909091
125,0.233359259828,0.236298676023,0.666311186921,0.209974433994,0.210749789401,0.674575624379,0.311591750231,0.347144202416,0.163636363636
126,0.496798895401,0.491371692393,0.76265029005,0.476099434686,0.473456391004,0.757475276071,0.448438334371,0.551473484893,0.490909090909
127,0.344889461864,0.347900468193,0.41764678801,0.320951074511,0.322149189287,0.428435396969,0.400435916649,0.385844826787,0.563636363636
128,0.499337904507,0.494527684769,0.518186769606,0.469710049043,0.468670535975,0.518008851642,0.509519345262,0.520404304287,0.563636363636
129,0.443154912279,0.434350242888,0.526147629341,0.415541851936,0.412085539015,0.526119030597,0.423026831036,0.424932232813,0.381818181818
130,0.345984022952,0.352412619911,0.181108820859,0.317750317347,0.321307317904,0.199654853699,0.386296030624,0.331154473366,0.454545454545
131,0.261886698227,0.264424844934,0.668512486657,0.250987579433,0.251711632733,0.677449757447,0.280738710045,0.320895079185,0.509090909091
132,0.377717564581,0.371722664696,0.295896416052,0.370387103709,0.367783534812,0.304883904721,0.352469082646,0.297950457253,0.636363636364
133,0.442853380126,0.436982283373,0.759186058652,0.427095819307,0.425368289993,0.752132692008,0.498794120299,0.543149110165,0.381818181818
134,0.380314277961,0.385662044136,0.293023530458,0.366181187123,0.368952928751,0.304133960557,0.452106202759,0.438401495097,0.527272727273
135,0.602191282138,0.59518787609,0.627650758215,0.560458085955,0.55817670411,0.621796185848,0.594038356333,0.62482589956,0.509090909091
136,0.410646607278,0.419156447992,0.534495280963,0.36116420111,0.366379330058,0.544989036402,0.412643276968,0.493258943631,0.854545454545
137,0.701722183054,0.695601512264,0.744000507483,0.694538506641,0.692509599211,0.731354072287,0.596520894386,0.731389350373,0.6
138,0.449052686526,0.450051774155,0.409002919426,0.430599692619,0.431383902555,0.414784458419,0.44871606725,0.475666045344,0.581818181818
139,0.426870993701,0.424130956528,0.526058484883,0.431898924555,0.431629824339,0.525808164984,0.426733590714,0.462528633275,0.545454545455
140,0.491434351698,0.488083625917,0.642008889779,0.501820220969,0.500708663109,0.637732263242,0.474502363046,0.539956772539,0.6
141,0.608119993845,0.605458454641,0.747417162762,0.564693166259,0.563275508753,0.742746761793,0.668795004255,0.66531082835,0.818181818182
142,0.318190029018,0.312135675128,0.535100929984,0.29235905535,0.290712815151,0.539052345229,0.347508654777,0.337207298404,0.309090909091
143,0.479161889812,0.484208992801,0.0522786026316,0.462358281119,0.465907969889,0.0696193725455,0.456435354746,0.388723995071,0.236363636364
144,0.314459795049,0.312320688876,0.654915368472,0.30379007627,0.30214834148,0.65858403055,0.414366964016,0.37173756498,0.6
145,0.463362750272,0.45790567239,0.753208008098,0.454180427176,0.451967270041,0.745231699147,0.585296179466,0.573256611464,0.690909090909
146,0.463268083986,0.461200971316,0.64223118568,0.468169321823,0.467074377966,0.639244096047,0.514323893041,0.544437959664,0.454545454545
147,0.503912254068,0.506901415783,0.286752141157,0.480990709196,0.481723673727,0.297395622813,0.509271305172,0.479294226427,0.454545454545
148,0.326775174581,0.333961098076,0.303574946585,0.299132290266,0.302439350002,0.319496063596,0.376472433386,0.369026642206,0.436363636364
149,0.219102904178,0.22344074612,0.193830640856,0.207039380785,0.20869187928,0.214168953721,0.254210757147,0.19185791085,0.0545454545455
150,0.472855997433,0.480385693826,0.520887334678,0.443909122319,0.445806190649,0.528615958576,0.635141695524,0.59009815694,0.618181818182
151,0.575227934917,0.583265561598,0.740917279134,0.538826258512,0.54148310558,0.736420630678,0.820552197548,0.840001173927,0.490909090909
152,0.396939303046,0.407793974336,0.644056851888,0.359021993596,0.360949989183,0.653655764204,0.684086441928,0.581426741532,0.636363636364
153,0.782294552749,0.787318302588,0.37026374826,0.762267207826,0.764648327522,0.369461117197,0.906623942771,0.835938299783,0.818181818182
154,0.237567965908,0.251791983228,0.427495640738,0.215913186577,0.221748230697,0.447199553943,0.408450293271,0.372340503551,0.345454545455
155,0.357456389131,0.363396631569,0.294129693166,0.338391231803,0.33940520311,0.310124167343,0.514292584807,0.386693152806,0.363636363636
156,0.293260194181,0.307722526773,0.654885709239,0.290586904472,0.295027646033,0.664211478913,0.539515165643,0.508315034292,0.472727272727
157,0.617294957907,0.621600153832,0.268707381651,0.619521630077,0.621048868644,0.275599121078,0.715255993168,0.604737085016,0.672727272727
158,0.286001489035,0.300980705763,0.656853171942,0.299895723227,0.304507902344,0.666353280777,0.536474068333,0.517930598531,0.381818181818
159,0.536602168404,0.545677746321,0.394240761011,0.536013703116,0.53807434624,0.400630951385,0.734423610931,0.65997195516,0.563636363636
160,0.389946281823,0.405061412019,0.293436132717,0.376791229444,0.383931991922,0.310739388738,0.529719579943,0.485491936079,0.436363636364
161,0.284679982559,0.298923485749,0.650615339625,0.264984165762,0.270092823659,0.659604855284,0.606706334058,0.551607859065,0.545454545455
162,0.31611220818,0.32587433765,0.536148917014,0.292803911266,0.296260604279,0.5474321463,0.48233129334,0.474422767239,0.581818181818
163,0.439875345429,0.452290999834,0.753135276042,0.423085097634,0.427263090242,0.753500607721,0.753884482385,0.728670257168,0.4
164,0.446972355,0.458671821026,0.527846413846,0.417629762964,0.423462291585,0.539146211511,0.539611828781,0.546623046589,0.472727272727
165,0.476353202693,0.484479294678,0.638066369954,0.44854456172,0.451714104658,0.641276487637,0.629101820274,0.643935504319,0.363636363636
166,0.559650608539,0.568523035989,0.51537463656,0.536568048017,0.542427715901,0.519083280142,0.609574682846,0.661189532358,0.781818181818
167,0.846092026339,0.844820666339,0.365234449532,0.798598018949,0.79789587583,0.363136519011,0.90247580472,0.830150732682,0.618181818182
168,0.611685622112,0.617295285365,0.622023562738,0.587278984768,0.589071711226,0.620178072719,0.788771118074,0.749190235146,0.690909090909
169,0.464496450216,0.470410735711,0.642720838556,0.456278618513,0.458307704523,0.64387452748,0.55390428651,0.610091148672,0.327272727273
170,0.459060700656,0.468826941203,0.522258528445,0.453818479069,0.457765013949,0.529219019907,0.609087240455,0.585541017491,0.490909090909
171,0.529324283305,0.541410945438,0.629784064944,0.499216472627,0.502698287158,0.63442847573,0.816518953405,0.728212203212,0.690909090909
172,0.283740704914,0.297766639349,0.418185051892,0.273771824445,0.278974109775,0.433971162124,0.512179509826,0.437644311867,0.272727272727
173,0.400080194686,0.41657207505,0.17738858334,0.354426501902,0.361481320989,0.201479708806,0.526969788336,0.452541477845,0.490909090909
174,0.254727604437,0.263266483173,0.77155961076,0.225816521643,0.227865281763,0.776848632355,0.558457755025,0.503486806486,0.309090909091
175,0.5329598635,0.536552044407,0.395468726859,0.498444086345,0.499688502445,0.403469891219,0.643043174911,0.567659500371,0.636363636364
176,0.592256012572,0.595137139441,0.388608077673,0.585454089082,0.583954284625,0.393331208438,0.757806130659,0.640285112737,0.6
177,0.6862492332,0.692504727399,0.14900748459,0.632562764278,0.634410084814,0.162267187291,0.730354223825,0.639779147374,0.290909090909
178,0.475264379421,0.483557798471,0.400911205544,0.435112582114,0.437782699193,0.411946081353,0.643337295802,0.556631222902,0.563636363636
179,0.51084027008,0.522212328535,0.0484722896616,0.512181759174,0.516002466121,0.0682492117319,0.575493670847,0.470980362141,0.254545454545
180,0.343873964559,0.360840949446,0.526060516009,0.332821225918,0.338958401569,0.537270627053,0.663814092422,0.588001872793,0.527272727273
181,0.569196206359,0.571224867659,0.859489239607,0.523513625381,0.523830094192,0.851911385758,0.799167988459,0.782370890363,0.327272727273
182,0.267348245668,0.283005699551,0.656288459879,0.246434182533,0.251220040407,0.669131041735,0.588294814477,0.493458759685,0.2
183,0.685914494938,0.696126489797,0.496333484491,0.65988128254,0.663621674253,0.49791558956,0.90300438348,0.823317363518,0.872727272727
184,0.3976024092,0.40561659544,0.519951546186,0.3488552597,0.351366558142,0.528828775995,0.677244397258,0.565155413685,0.4
185,0.269251835128,0.281591261503,0.415194895312,0.25361707367,0.25693182191,0.430499230705,0.565366787079,0.437993692558,0.454545454545
186,0.495925833377,0.498061062298,0.634561405282,0.444518141466,0.443289503298,0.637682243549,0.675746819973,0.610972195632,0.509090909091
187,0.521229410977,0.528061173797,0.160838980298,0.507444445568,0.510133556277,0.173374407769,0.610156307215,0.541512030371,0.6
188,0.302989473713,0.315793626468,0.771987591296,0.309906449896,0.313176658305,0.778790235001,0.596079565248,0.5304346911,0.309090909091
189,0.690562604784,0.688749620847,0.619151632486,0.643381622183,0.640328774156,0.616831259259,0.798848679951,0.750223186754,0.781818181818
190,0.460823132737,0.46996339844,0.519195946447,0.4634710013,0.466921174365,0.524512829269,0.648420018421,0.591799489002,0.454545454545
191,0.363406393765,0.373750786231,0.64999635354,0.360565071777,0.363768283821,0.657455575529,0.569833495909,0.533819824746,0.6
192,0.271521348407,0.282575338262,0.41832169531,0.256118453295,0.259626516759,0.434463654944,0.502809488767,0.396311057057,0.436363636364
193,0.725528629782,0.730224754356,0.495830947047,0.707681847778,0.709586285204,0.49346092231,0.826280609548,0.812987847432,0.418181818182
194,0.294122210399,0.309679663854,0.415301998827,0.283234306065,0.289230721744,0.430020297323,0.555221387141,0.487104465363,0.472727272727
195,0.424304473489,0.429885643913,0.754264232944,0.396348355333,0.39833043631,0.753615973717,0.670582493543,0.626347286054,0.2
196,0.578988800208,0.58574164697,0.514652779898,0.542713400136,0.546907877002,0.52021914926,0.626346062699,0.617927088514,0.654545454545
197,0.889419999524,0.894960748331,0.482162474229,0.886224091521,0.887886104408,0.475504729781,0.959380868264,0.958223881698,0.8
198,0.53008598576,0.537392146405,0.635748426886,0.493145289216,0.494598711681,0.640649273044,0.678877662102,0.653004211824,0.709090909091
199,0.44821236146,0.453513982394,0.646628282571,0.446814410274,0.448989980894,0.650383310304,0.503755897449,0.536326251444,0.490909090909
200,0.503456991559,0.511405934644,0.39577819468,0.505109576304,0.506789712962,0.403529632567,0.707838371295,0.59541247962,0.618181818182
201,0.671344255018,0.676275337278,0.499166601862,0.673909558225,0.675115517872,0.498475411241,0.842128513002,0.748777752584,0.745454545455
202,0.38553916175,0.399996796558,0.528892193638,0.353698856407,0.359464340088,0.540001869275,0.573528490721,0.580710449674,0.218181818182
203,0.611838867433,0.608743660455,0.742825361261,0.562090568375,0.560176933778,0.738263048494,0.724418838578,0.679756960406,0.381818181818
204,0.22188933504,0.236509590247,0.781953471141,0.188831135637,0.192944281938,0.793937534326,0.500266905839,0.478331396723,0.581818181818
205,0.472908693231,0.481353053514,0.397023446093,0.425453053324,0.428632420263,0.408112746792,0.679170537729,0.574206590714,0.236363636364
206,0.531870401656,0.539345285199,0.395450909025,0.500667472004,0.501482551696,0.405702169496,0.723588083493,0.617833605714,0.709090909091
207,0.79898509958,0.798880087343,0.137930154867,0.761193481806,0.761856278583,0.143047813046,0.750799043052,0.705447526847,0.545454545455
208,0.572633097387,0.580143535929,0.0365540655267,0.552909699304,0.555745271339,0.0532294663308,0.691842449625,0.518693612181,0.563636363636
209,0.278485499329,0.292594593705,0.7757327488,0.247127260823,0.252281822384,0.784299295853,0.52050935148,0.531194214342,0.381818181818
210,0.579028313555,0.578959122944,0.629796507342,0.56189265476,0.559829747238,0.629327719782,0.687909129394,0.640791078099,0.581818181818
211,0.535166918136,0.543008153223,0.75242899305,0.509250149739,0.510992240189,0.752249159658,0.711355859689,0.725130878862,0.545454545455
212,0.498599647005,0.51019438559,0.0415783222645,0.495958725398,0.500682385611,0.0590288384047,0.684799858559,0.517341660811,0.345454545455
213,0.758517507463,0.763498898314,0.494667061024,0.711111453904,0.712658341703,0.49620936717,0.869709600884,0.80543818641,0.854545454545
214,0.42421364769,0.433834257481,0.644951404146,0.425045535138,0.428653813924,0.648693168702,0.589283795576,0.600004680023,0.363636363636
215,0.328411650408,0.338869157153,0.646966973187,0.315333497131,0.317619406644,0.655675007683,0.63865628811,0.520011692213,0.218181818182
216,0.572405316075,0.577407274607,0.625913914906,0.535163443917,0.535734108571,0.627444030531,0.77499031351,0.696342607992,0.454545454545
217,0.393768535194,0.410902599729,0.529595752291,0.359019069488,0.366584616959,0.541144949152,0.574241649922,0.613035758838,0.381818181818
218,0.52243595482,0.525727689649,0.39833812853,0.470227378722,0.471273311877,0.40907725362,0.634434443792,0.522088105873,0.454545454545
219,0.586808087988,0.597724733649,0.508006056808,0.563438708163,0.566398445812,0.51252226021,0.806453287835,0.750311989532,0.745454545455
220,0.696646851153,0.697768292819,0.501895429108,0.691887553873,0.690665682019,0.501382386731,0.765199810009,0.705287451767,0.581818181818
221,0.521184422159,0.526003021428,0.511418708202,0.510245512675,0.511180880401,0.514004703206,0.716602708729,0.639345643928,0.618181818182
222,0.361394189257,0.367268726562,0.290850333674,0.304779819878,0.306227232205,0.308132415044,0.543289077166,0.420886889145,0.527272727273
223,0.553019001386,0.56499323007,0.743006075093,0.562685438195,0.566343317028,0.737866260134,0.847212693925,0.848978738644,0.454545454545
224,0.468055955145,0.478560474034,0.403285296674,0.448646465457,0.45368553756,0.413620952572,0.582226326635,0.561537743043,0.0363636363636
225,0.417420689651,0.425230471954,0.642057854355,0.401302932334,0.405150810442,0.643976115933,0.574772420619,0.61615214414,0.418181818182
226,0.681480164673,0.683234123147,0.499514887329,0.628627434017,0.632007605925,0.497308997288,0.709921498747,0.750357560926,0.745454545455
227,0.899948612177,0.902877501573,0.598085985689,0.853556584612,0.854824395697,0.58969075193,0.976687519975,0.976667446017,0.745454545455
228,0.721558553869,0.726546519331,0.613702617278,0.658080671922,0.660386765567,0.611025264675,0.845857681285,0.856617202443,0.727272727273
229,0.464353215477,0.47089906165,0.518489810204,0.419828070072,0.421080681363,0.526052251396,0.654130780147,0.592452678989,0.545454545455
230,0.494110772035,0.507775191804,0.156249226346,0.479407930335,0.485232454303,0.16977131559,0.727773280852,0.61157045418,0.290909090909
231,0.554536772947,0.567133858558,0.507562009306,0.541463764913,0.544936980537,0.511674072549,0.839666863647,0.76004907749,0.654545454545
232,0.423044124374,0.434197674276,0.636361249647,0.391914201932,0.396350379284,0.640339858523,0.691876815409,0.656756256638,0.381818181818
233,0.624506252729,0.628351478448,0.627121786906,0.613948426668,0.61559039453,0.624332650898,0.6879743523,0.711290025388,0.254545454545
234,0.338035303419,0.35122692905,0.774272326609,0.32227817118,0.326497118675,0.781974516303,0.526009083924,0.54492639455,0.6
235,0.408895408967,0.424109235743,0.404293743253,0.390395809907,0.396893468098,0.416773565462,0.642748841487,0.576758588806,0.290909090909
236,0.480838354177,0.487914104635,0.517219254425,0.503953360528,0.504750294719,0.521718714899,0.690018303211,0.594321106164,0.745454545455
237,0.76985857723,0.781105430017,0.01765992249,0.753830717084,0.758604769526,0.0267198904569,0.86417259046,0.802724923624,0.381818181818
238,0.813744705711,0.816559733164,0.0128443372225,0.785458748924,0.787472771062,0.0212814902475,0.865539487008,0.705262901257,0.727272727273
239,0.607535392125,0.62041567744,0.264838594432,0.627535046012,0.632992076584,0.269829698694,0.806731387244,0.736210558144,0.563636363636
240,0.479922782878,0.490576485219,0.633476660264,0.494612837636,0.498198637521,0.634559626741,0.71730887576,0.675501290242,0.490909090909
241,0.416204123787,0.426116253005,0.640217126178,0.375301136502,0.377699829845,0.645627557485,0.673174248483,0.644740598955,0.309090909091
242,0.543318021758,0.552218287813,0.39000311777,0.520885321576,0.52280927428,0.398166822107,0.822342340286,0.658726337044,0.6
243,0.639151318284,0.639378293961,0.858112359801,0.602609008766,0.601032402124,0.849957456416,0.812338749717,0.788963552101,0.618181818182
244,0.516791119799,0.524217719703,0.511386144084,0.516958051988,0.519704677169,0.512118255558,0.717725806893,0.68552465702,0.563636363636
245,0.293089560637,0.304232314494,0.658899217241,0.247952654832,0.250016234226,0.672530398343,0.516331700623,0.471781966369,0.454545454545
246,0.576339720789,0.583132363685,0.628264469451,0.537851240801,0.538595230498,0.630059165872,0.762386872853,0.731143962924,0.472727272727
247,0.492556170282,0.50315979403,0.635182284903,0.48304919657,0.48688235226,0.638562029031,0.701923577175,0.672721435177,0.490909090909
248,0.300184668648,0.316413656746,0.415260757995,0.274388237952,0.280135313602,0.432471180087,0.596629027833,0.479114280861,0.418181818182
249,0.759732953046,0.763135000022,0.612186306698,0.684618523591,0.68394334792,0.610914435295,0.905725797312,0.878719328775,0.727272727273
250,0.682189954739,0.690120885341,0.380076086774,0.664524544152,0.666875985117,0.382761572266,0.837689158464,0.78079691244,0.472727272727
251,0.427137418133,0.441097845688,0.643023894551,0.393158349611,0.398402378104,0.651534595144,0.650514498612,0.633636369163,0.672727272727
252,0.377893693544,0.381818023408,0.41185270059,0.364335487946,0.364595930335,0.423683898503,0.49862233428,0.414980138337,0.672727272727
253,0.632686963098,0.641903589061,0.855724420902,0.647036021358,0.648310288441,0.84650674303,0.90179827536,0.888992763025,0.563636363636
254,0.60009866568,0.603679716985,0.383446422539,0.596691190218,0.598758374572,0.384258158339,0.749571894582,0.673506659326,0.218181818182
255,0.448177187676,0.452721807936,0.875838889307,0.411201789981,0.413424830068,0.873055912017,0.612838268172,0.652902558593,0.418181818182
256,0.658736945824,0.658446737992,0.622616338776,0.615183077711,0.616904730204,0.619139788812,0.680225605394,0.700702271399,0.781818181818
257,0.886447765673,0.888009594336,0.719606438799,0.865989867285,0.865849394363,0.706641497297,0.939485273638,0.993242583161,0.854545454545
258,0.625888099516,0.63010704048,0.627627139972,0.599073197791,0.59977199599,0.62730898906,0.704333016772,0.726890632771,0.454545454545
259,0.422827490889,0.428917466312,0.407679104209,0.38732148947,0.388518185685,0.419416068483,0.548466101402,0.485889228176,0.181818181818
260,0.455651690512,0.469113563927,0.402994534976,0.41159990046,0.415947123523,0.417128576688,0.680187804488,0.59412129011,0.327272727273
261,0.534512907201,0.544295947098,0.868042025278,0.505426238023,0.508161316649,0.865194181667,0.772963642994,0.782598747336,0.636363636364
262,0.529787696241,0.532010316679,0.637307989137,0.514144037328,0.514476761919,0.637381036133,0.580521251254,0.622456187046,0.309090909091
263,0.755784761309,0.751849900249,0.734645262136,0.756501906429,0.754190031918,0.723033908238,0.745519704659,0.784647120077,0.4
264,0.403458636536,0.41401221894,0.761591604971,0.391508473242,0.394180542286,0.765187302928,0.659538279831,0.614787342316,0.654545454545
265,0.479965229287,0.485519412456,0.634229989105,0.464342373492,0.466229217583,0.635567989445,0.675889902022,0.628547563444,0.6
266,0.530656908699,0.537951519127,0.389409163044,0.524497423064,0.524903339309,0.395297635099,0.794504706145,0.667324140139,0.381818181818
267,0.528687143875,0.54114282276,0.15900803402,0.512829980611,0.518109801481,0.173459541477,0.658598267039,0.59431408613,0.6
268,0.648038030972,0.653934517005,0.0234801578472,0.660066432356,0.66246874492,0.0337386482602,0.80863718422,0.603031072932,0.418181818182
269,0.643470533757,0.651447990757,0.263793262999,0.619726980163,0.623104199251,0.26956646351,0.784903083193,0.724301233715,0.454545454545
270,0.573634651333,0.580131115354,0.745089177437,0.545071240867,0.547899556814,0.740452909031,0.723147029839,0.777310125563,0.545454545455
271,0.477607789928,0.488117099786,0.751333473353,0.464967317202,0.466568682137,0.751140965322,0.778259690834,0.746048148937,0.327272727273
272,0.483742427307,0.49469324856,0.519269809683,0.469633658736,0.473524742039,0.525966368819,0.683951053689,0.638358263714,0.563636363636
273,0.662943373373,0.673357887217,0.505432726018,0.664057886141,0.668037275681,0.507497892515,0.800890470032,0.772079925637,0.563636363636
274,0.699289129472,0.696258116101,0.612256822552,0.680662553651,0.678701022017,0.603598693736,0.826369224642,0.788731015105,0.563636363636
275,0.37382102433,0.379654185108,0.887691466059,0.341190379988,0.341086884687,0.891696396552,0.57635645283,0.551536586764,0.254545454545
276,0.595990892235,0.599799780386,0.744804072978,0.538232698043,0.537761431496,0.744434630579,0.77411869021,0.739030154184,0.636363636364
277,0.582984788741,0.590095525576,0.50916025376,0.562610408243,0.565576834426,0.511423569507,0.705291272774,0.702629120422,0.454545454545
278,0.498125073878,0.503878377706,0.165844163397,0.465261450978,0.467025901026,0.182262693848,0.584378974801,0.463478612525,0.418181818182
279,0.626996428664,0.630155043275,0.505759147543,0.597057089035,0.596558578825,0.508489970828,0.767595795229,0.687712083956,0.6
280,0.70299815961,0.70843614978,0.265135806166,0.66620252616,0.667760190268,0.273357939919,0.771753782984,0.685200977236,0.636363636364
281,0.528499623278,0.532537419285,0.635805659487,0.516058333536,0.517101734587,0.636657584375,0.645597606427,0.640487268802,0.654545454545
282,0.344062103112,0.352748241088,0.528082633626,0.316206112488,0.318480647806,0.537457734857,0.579249213814,0.516940878306,0.545454545455
283,0.652366797619,0.659688953425,0.617175192669,0.617012608747,0.618392795975,0.616886844687,0.886300601406,0.816256137382,0.472727272727
284,0.597509511023,0.599403526403,0.509732185019,0.543656391979,0.544706290774,0.513035024293,0.664997880663,0.642778688981,0.309090909091
285,0.457674741943,0.464144437911,0.759492793399,0.390983490186,0.392758768891,0.764626560602,0.622808471098,0.618721672708,0.0909090909091
286,0.766347288709,0.767426175614,0.61149691198,0.707424615992,0.709728036795,0.605421745329,0.784808438504,0.837462026289,0.836363636364
287,0.836703128976,0.840636280244,0.60718738647,0.82341012307,0.823979038619,0.599761892157,0.892238181591,0.911804161181,0.654545454545
288,0.635805302547,0.639890462273,0.501940195705,0.628156664584,0.628446448032,0.500492765362,0.788601212577,0.757983174272,0.745454545455
289,0.512425420632,0.51434829325,0.630635081249,0.466890582567,0.466474129084,0.631000704587,0.69187881348,0.649145833757,0.472727272727
290,0.369459889723,0.386284326156,0.527109163386,0.360360855394,0.368553230001,0.537132982524,0.603861796157,0.585814445858,0.527272727273
291,0.711960122544,0.712340877428,0.492321418292,0.71150718812,0.709791616121,0.48711952962,0.882520257454,0.789837579027,0.545454545455
292,0.474112213617,0.482384207891,0.633019640545,0.443360433461,0.446902023626,0.63527706606,0.685906228095,0.662407109556,0.490909090909
293,0.898285340906,0.891147586848,0.481298906454,0.852033175835,0.84867014538,0.475219527406,0.888568101168,0.812365038374,0.436363636364
294,0.453679445539,0.462878853021,0.641787194443,0.434900422007,0.437725011742,0.645809318346,0.629196567103,0.628957705994,0.781818181818
295,0.429233777144,0.438454781044,0.765915486805,0.416229768287,0.418872389057,0.768913195642,0.574361528566,0.614939246965,0.0
296,0.501510698028,0.507856105126,0.516467435726,0.469379851229,0.46985295793,0.522372002668,0.688405845169,0.649310588859,0.563636363636
297,0.761112670445,0.765627522788,0.139048182489,0.760438725526,0.762316229465,0.142980055181,0.784318790549,0.753449395718,0.527272727273
298,0.481807530607,0.493324295707,0.282962434308,0.497590577129,0.50105794378,0.293854900271,0.654486123766,0.577804390868,0.327272727273
299,0.788798276481,0.792795754702,0.136762089743,0.769171976425,0.770393004429,0.143620144105,0.818193037577,0.714789662719,0.709090909091
300,0.431716102744,0.445218202361,0.642925665077,0.43190294104,0.437013489188,0.648418284436,0.631342013416,0.627438659511,0.472727272727
301,0.371587351317,0.386248633458,0.999878564856,0.340590634065,0.344612577088,1.0,0.708335886005,0.733794123839,0.490909090909
302,0.529291698715,0.536623388094,0.513040952695,0.50232168197,0.504017405048,0.518668395648,0.739254964836,0.650146064424,0.545454545455
303,0.468962608099,0.480430526624,0.753761486981,0.426236482394,0.429524149708,0.757807854276,0.750797766399,0.700051421423,0.636363636364
304,0.240625910443,0.258042077291,0.665688181565,0.207785384179,0.214631880817,0.681170609814,0.430039223516,0.458171309879,0.236363636364
305,0.486004419583,0.495272257646,0.637312087205,0.451187326815,0.453721228662,0.641664898577,0.675841147355,0.68200280919,0.418181818182
306,0.620363285869,0.630687090896,0.625862073389,0.624695777252,0.628078480509,0.624918625483,0.772074390684,0.788199348836,0.545454545455
307,0.493270442988,0.502924162456,0.633073975371,0.473720176883,0.476390023723,0.635381160156,0.718199883703,0.695598275216,0.454545454545
308,0.415712024044,0.424645744727,0.406783387462,0.402764762957,0.405493611019,0.419509266853,0.603203383784,0.487423465124,0.4
309,0.573280187501,0.584383118951,0.510804434875,0.511737436025,0.514408190837,0.518761896455,0.772619064288,0.725323674882,0.563636363636
310,0.77419759954,0.782827477719,0.50231855502,0.730753900786,0.732669209271,0.505591475465,0.805503245531,0.830380929666,0.672727272727
311,0.403104977874,0.411619198663,0.642842967717,0.400279708891,0.401943009947,0.647096423297,0.637298059293,0.595310826389,0.763636363636
312,0.409977117039,0.420719733759,0.412114080918,0.384203553327,0.388258430196,0.425439030999,0.516240345386,0.507398926379,0.6
313,0.58748710613,0.596451954525,0.50683189103,0.594653258358,0.596500400074,0.508971250111,0.80007794119,0.734316430063,0.454545454545
314,0.503107353359,0.510009544614,0.511553210112,0.477127698433,0.480812258242,0.514001505619,0.688407405607,0.656829868951,0.381818181818
315,0.48234380507,0.487469714103,0.75662492165,0.485047280029,0.487205863456,0.753284879293,0.601653766719,0.655178788307,0.236363636364
316,0.703109295019,0.706531215247,0.502366594195,0.711802748033,0.71499601617,0.497784084939,0.682108846679,0.754276700853,0.745454545455
317,0.851454850008,0.853868289233,0.611109271061,0.854716546698,0.855392096563,0.602749441292,0.805845710173,0.881347279191,0.818181818182
318,0.490676946384,0.499677686649,0.517942752801,0.48551396979,0.489138788109,0.520916098324,0.639097840515,0.662070579318,0.709090909091
319,0.419782962451,0.424832950075,0.520572305037,0.396341630476,0.39560826322,0.527388481029,0.652714268362,0.552213137647,0.381818181818
320,0.449452337547,0.452990229616,0.51957673368,0.414253511362,0.415148914689,0.524648343976,0.614288161652,0.568117554327,0.363636363636
321,0.407332262876,0.423325044671,0.752929565722,0.373583470925,0.377883998371,0.755602697297,0.816434396513,0.773634033073,0.581818181818
322,0.496387906803,0.505205303793,0.755657840046,0.466772015625,0.471124453105,0.756226300076,0.632251124506,0.67942277018,0.272727272727
323,0.584953237163,0.600517602066,0.750886215899,0.574195518619,0.580027991675,0.751287339357,0.74514096878,0.812369718397,0.672727272727
324,0.621344141766,0.623083795423,0.977787083993,0.592633468967,0.592183470707,0.965472400082,0.792170247927,0.844654136189,0.6
325,0.440360990229,0.454374055144,0.642910697895,0.439622858842,0.444501852905,0.648635969991,0.653109478783,0.641626553665,0.363636363636
326,0.572309437158,0.582615621497,0.508234592471,0.566954177908,0.568982960027,0.510919928204,0.793329663907,0.760747838872,0.4
327,0.565535447463,0.569573714181,0.630032864957,0.538419278143,0.538999797197,0.630027458394,0.692506891269,0.693061467588,0.490909090909
328,0.348576626787,0.358283543171,0.300299578225,0.314816436976,0.317346777655,0.32109447534,0.479536205902,0.374343304897,0.290909090909
329,0.874585227599,0.872507779152,0.484112733257,0.851674818327,0.850370342933,0.47677514862,0.874520476148,0.868964710341,0.690909090909
330,0.469817345933,0.474446327412,0.641311352311,0.451374360455,0.452000198774,0.644377510561,0.587819574465,0.577097459055,0.381818181818
331,0.451115980403,0.464740115476,0.753933028147,0.441787915936,0.445667727026,0.755040675814,0.766514319922,0.744756959426,0.345454545455
332,0.509923414471,0.52267035075,0.516406693268,0.513788444026,0.517366523742,0.523369006943,0.749887892531,0.661645246303,0.472727272727
333,0.350698522587,0.362439575669,0.881594445213,0.285549832303,0.288130826492,0.886396529655,0.713552870923,0.660178791248,0.345454545455
334,0.560272393586,0.568197735067,0.2748533962,0.519688104681,0.522336874777,0.284903695224,0.687808051845,0.643138580114,0.345454545455
335,0.479662057661,0.486704835472,1.0,0.461804622847,0.46273241534,0.997128498299,0.61196802736,0.683103542692,0.4
336,0.530483835766,0.537875543716,0.516688097123,0.506717724592,0.508531971715,0.521876661882,0.662497710636,0.650890397201,0.472727272727
337,0.552248123917,0.556912861574,0.628341346116,0.545931088644,0.545344057688,0.627041237481,0.751438551551,0.704864458764,0.327272727273
338,0.562437695969,0.567924004154,0.273686012283,0.519615733437,0.520871552387,0.286313528084,0.740706010457,0.566472304103,0.490909090909
339,0.717816263671,0.722837405237,0.502208867946,0.677472907223,0.678426751782,0.505116963783,0.788021454684,0.754003272486,0.618181818182
340,0.947196234622,0.946586555833,0.593575811135,0.917788939041,0.916696985785,0.58132686182,1.0,1.0,0.345454545455
341,0.276373404538,0.291530381578,0.657190853779,0.253408905361,0.257932792775,0.669692699569,0.544031909049,0.504426275295,0.872727272727
342,0.517437584937,0.52085511031,0.397095504652,0.477353553954,0.478671058531,0.405005850493,0.612105431133,0.553015892272,0.509090909091
343,0.402086174115,0.422088298209,0.524141024962,0.390022524902,0.397095366107,0.534757697851,0.715505039225,0.682835944745,0.545454545455
344,0.52575521619,0.530013095955,0.272851559476,0.500814931349,0.502798797064,0.280601159414,0.686090245806,0.567976160121,0.690909090909
345,0.572222009233,0.581086301397,0.509273527545,0.550991916278,0.554647008531,0.513255030584,0.731170558155,0.69825426655,0.545454545455
346,0.772560276793,0.772354279927,0.501533855977,0.757559516646,0.759117616696,0.497431471649,0.661788810311,0.742215471776,0.818181818182
347,0.836762369715,0.838089220395,0.600723830034,0.821153848442,0.822154189365,0.588787116005,0.920486177545,0.946332087746,0.581818181818
348,0.500671873881,0.507155343952,0.52116628383,0.480763322082,0.482187832218,0.52850685349,0.622502058783,0.579935735967,0.472727272727
349,0.444696990722,0.455480150714,0.76349403777,0.421863361146,0.425205141817,0.766894714234,0.602606229417,0.646945556367,0.381818181818
350,0.449636025468,0.464083700465,0.638997920576,0.413708074388,0.41931922043,0.645368817904,0.679197879579,0.695370418243,0.4
351,0.599931816631,0.605973099965,0.152354925074,0.549817132743,0.550849376685,0.165912910613,0.731028327117,0.622932921875,0.363636363636
352,0.408460738354,0.42076513075,0.765148691421,0.390822907523,0.39556313192,0.768644889282,0.588633412855,0.633365280807,0.345454545455
353,0.636491307178,0.644051418557,0.858420454109,0.599073375657,0.601782980362,0.851318288797,0.82023504818,0.865295637885,0.618181818182
354,0.555458155442,0.56425180994,0.745585774639,0.558634800004,0.560822216299,0.741466506975,0.796581107946,0.773117557269,0.6
355,0.519069989638,0.525132507819,0.632363077762,0.467446336922,0.469440877513,0.635091961514,0.701429320756,0.679450811098,0.272727272727
356,0.675970144371,0.678096836885,0.615183166594,0.642514754023,0.640015652997,0.6111694736,0.88927800191,0.839360834393,0.581818181818
357,0.548445397987,0.554861535334,0.512453771609,0.558163766028,0.558937000047,0.514721625739,0.724358883297,0.662116150713,0.709090909091
358,0.329712057336,0.341467062,0.530122942154,0.324937912247,0.328166537898,0.541417753628,0.612668038269,0.491238611809,0.490909090909
359,1.0,1.0,0.0,1.0,1.0,0.0,0.938208579152,0.869638921213,0.836363636364
360,0.604934332043,0.607283316008,0.742125409539,0.589542938238,0.589376336817,0.736299452138,0.762812194854,0.748417861451,0.6
361,0.560951460041,0.568374136584,0.625983054749,0.527804816427,0.528594043612,0.626655104189,0.808508606613,0.768679601526,0.4
362,0.568362290817,0.577194246237,0.629723826842,0.542281590054,0.543858951696,0.63259205061,0.778219894625,0.728516012508,0.472727272727
363,0.449137943134,0.457709984556,0.877603924823,0.438852392166,0.440694944679,0.876527063134,0.675257141217,0.67498949446,0.309090909091
364,0.624627896862,0.626546337239,0.383112597095,0.611257067479,0.611570029894,0.384766702875,0.762007553972,0.676909323448,0.581818181818
365,0.511054208911,0.515266619916,0.640901759317,0.489217200922,0.489961144896,0.644697084201,0.580956554644,0.587700403508,0.418181818182
366,0.517888834926,0.524821436356,0.633922811135,0.528452444297,0.52949111683,0.634482838998,0.703758830875,0.657941112895,0.418181818182
367,0.576267648507,0.583139858616,0.391075994845,0.532430905446,0.53362579595,0.397809976298,0.726838635697,0.690747836911,0.363636363636
368,0.541443461203,0.549171170885,0.399346471285,0.527058249279,0.528257999826,0.409328515903,0.696891160992,0.583518345656,0.472727272727
369,0.686409859862,0.694569638956,0.622255072995,0.640390495107,0.642999557226,0.623177109022,0.79111764636,0.807536810568,0.618181818182
370,0.795592567953,0.800881996006,0.374939909773,0.742823557206,0.743712397871,0.377359152198,0.864119802939,0.841330914799,0.490909090909
371,0.294685176421,0.311462244781,0.652114261845,0.290442891132,0.295095663982,0.66355048771,0.621836428947,0.550483764668,1.0
372,0.425384183535,0.437870800906,0.17648129064,0.42644707333,0.431485725404,0.194525900624,0.474987661094,0.458997425399,0.163636363636
373,0.409057415026,0.41717622839,0.762989302401,0.393941177927,0.394815421608,0.765957039412,0.645451935161,0.613921485821,0.145454545455
374,0.334034530556,0.347525088175,0.299124700049,0.332963441711,0.337740085886,0.316987218187,0.493408032792,0.421995793078,0.2
375,0.483277460704,0.489014507182,0.639445523086,0.477821702235,0.479247162237,0.641968570536,0.609013405834,0.593533542004,0.363636363636
376,0.652468179056,0.654540906899,0.624898440086,0.643225441257,0.646432496086,0.620486271518,0.655971646732,0.695340037313,0.854545454545
377,0.754725638265,0.751442096058,0.73032262258,0.692247090856,0.690134921066,0.722025758229,0.829514648141,0.830613466661,0.672727272727
378,0.435893365637,0.443418208242,0.404478269675,0.42837504201,0.429715035089,0.416092791743,0.6370970549,0.50054802674,0.454545454545
379,0.760074697869,0.768378173013,0.730568612085,0.722361133424,0.725277125809,0.723120521399,0.882203182241,0.964760461599,0.818181818182
380,0.67663341417,0.676570839037,0.622514430238,0.645650020854,0.644182027549,0.618968876933,0.729461255434,0.754567659696,0.618181818182
381,0.570102351156,0.576613700503,0.391541219093,0.537615785653,0.538876210197,0.398288732534,0.71918776042,0.673369945142,0.4
382,0.696281571241,0.699499613308,0.377385249398,0.658552124173,0.659351673891,0.377711837355,0.805882895256,0.775373916495,0.527272727273
383,0.598896378057,0.604971702432,0.861391678229,0.563560602819,0.56415167544,0.856766549907,0.816441595718,0.798062640535,0.654545454545
384,0.647570344537,0.651377690963,0.508635476641,0.604420994096,0.604703561588,0.51235796218,0.712140395451,0.685874037711,0.581818181818
385,0.519547033422,0.527649908278,0.63408035881,0.498766011346,0.500640961591,0.637567905231,0.71527541982,0.668528866883,0.545454545455
386,0.596393379284,0.602767771756,0.741191363125,0.576898540903,0.577451483973,0.735757005844,0.809416259009,0.82344356726,0.581818181818
387,0.687297998917,0.694104567257,0.739522756096,0.693768000825,0.694618370205,0.732881329111,0.814436736596,0.859961444718,0.6
388,0.197098973688,0.205854057304,0.782136349191,0.184348715016,0.185240183522,0.792238830709,0.483385109733,0.393766078999,0.236363636364
389,0.724766743948,0.732166981278,0.25658826561,0.700330871407,0.702083341811,0.260309004836,0.864805512787,0.798643368607,0.672727272727
390,0.725075737199,0.724510940358,0.619295833369,0.684448194654,0.68416672037,0.615005780632,0.726015158151,0.769682172205,0.472727272727
391,0.608068752341,0.612829737064,0.974733148164,0.583225649569,0.58221896088,0.963225749333,0.905095255459,0.910732658212,0.509090909091
392,0.58653501741,0.590252884858,0.629622457746,0.547187728026,0.545986383178,0.633167507691,0.764541454733,0.66842253363,0.618181818182
393,0.540459786213,0.54428569571,0.512729153385,0.520502701755,0.520349360037,0.517369952478,0.706051709876,0.61235218792,0.363636363636
394,0.75690571075,0.750773332494,0.615926590812,0.714527462354,0.710445028053,0.610961616785,0.755352157892,0.742582382943,0.563636363636
395,0.656218679257,0.658748812379,0.739532810283,0.616869520024,0.61648171097,0.734505058455,0.798157045354,0.801873107197,0.327272727273
396,0.552960242739,0.568807341349,0.628602922312,0.542661931607,0.547183743617,0.631472812207,0.825887267169,0.811304045847,0.454545454545
397,0.495811513688,0.505932718048,0.632908720015,0.474117904483,0.47722110707,0.635065457885,0.709673476337,0.702570698574,0.545454545455
398,0.601408929353,0.609047930391,0.153562136512,0.571450712991,0.574482993559,0.167651300278,0.736066899328,0.577741288997,0.654545454545
399,0.896519744364,0.897559225458,0.48074190631,0.87611094792,0.876689317048,0.472036775357,0.923018461233,0.940967513648,0.690909090909
400,0.820505715934,0.826483641744,0.136023268708,0.817301442667,0.819150411727,0.139993606734,0.837837138373,0.805810927997,0.418181818182
401,0.71697352044,0.719644979653,0.493795580878,0.686664341875,0.68659230307,0.491355353481,0.870325914277,0.820780555891,0.636363636364
402,0.569016588501,0.573541986641,0.155914852636,0.543980640419,0.544404200782,0.168311186993,0.663820627975,0.554150497112,0.527272727273
403,0.575455482034,0.578237684093,0.62552392481,0.539029251848,0.539324198213,0.62413783548,0.744396202963,0.710697597259,0.327272727273
404,0.38129366241,0.388002097217,0.532232806458,0.34084028542,0.342791141737,0.543253951281,0.506600819181,0.477415288811,0.381818181818
405,0.442799243876,0.448386287005,0.759000836684,0.425440748789,0.427581022926,0.759866594903,0.617453686048,0.595237214077,0.418181818182
406,0.829641390305,0.827775012409,0.726214775869,0.785365728495,0.786679698243,0.715471905875,0.819704038436,0.868164295727,0.909090909091
407,0.807258252555,0.805648580303,0.729630916612,0.78299181456,0.781390798413,0.717840527431,0.81605180583,0.899988319552,0.6
408,0.368495483411,0.378817143853,0.528599208923,0.348638263395,0.351145947916,0.539510379553,0.604211435859,0.523928492129,0.4
409,0.561440540617,0.571783947293,0.632914448793,0.548323977769,0.550453179839,0.635846496067,0.726295442122,0.713826833015,0.454545454545
410,0.601685966127,0.605155681666,0.632854355085,0.5567345182,0.557559703265,0.633921554422,0.632048124019,0.685830806328,0.745454545455
411,0.533030593367,0.539656766921,0.278410334581,0.510266578271,0.512179769845,0.289235385945,0.638168339135,0.582559006361,0.436363636364
412,0.629703506721,0.637005235475,0.623572150038,0.628382373517,0.631562230283,0.618937416411,0.735692790242,0.803480956458,0.327272727273
413,0.816026296125,0.820064924377,0.489930896908,0.815120012135,0.815859673983,0.484627888048,0.8836276709,0.873840849552,0.781818181818
414,0.94285577816,0.936019192444,0.599713137651,0.920193207175,0.917615151179,0.585669301935,0.847217492062,0.909768638893,0.545454545455
415,0.447562289511,0.457802272827,0.759428803584,0.449174867855,0.450920279216,0.761398617567,0.679177675128,0.658232071738,0.436363636364
416,0.614772448976,0.6230035476,0.387922330629,0.614400475454,0.616073862728,0.391612971898,0.762546563858,0.712956296497,0.636363636364
417,0.81246909256,0.805057956494,0.485737698785,0.76015648799,0.7561834791,0.478792870618,0.83767037244,0.794926384746,0.472727272727
418,0.296329746913,0.310720293438,0.653353725657,0.282015194919,0.284806983401,0.665552770765,0.621284128751,0.519920549424,0.218181818182
419,0.762554310123,0.768389831069,0.258059651418,0.721151498981,0.721722847296,0.26478632853,0.839680070157,0.758646874702,0.345454545455
420,0.707805536985,0.711014688508,0.857078492173,0.679983871243,0.67991979627,0.848615543013,0.796006692665,0.845487271743,0.545454545455
421,0.63059962785,0.637343551141,0.7367548846,0.612050357516,0.612423205162,0.731610667821,0.897590101386,0.8606602061,0.581818181818
422,0.478426443269,0.481501422916,0.631956844414,0.469645083825,0.469944641387,0.631835747357,0.708436763492,0.615195144856,0.490909090909
423,0.587673403114,0.594518242688,0.74379942243,0.613385600905,0.613862578752,0.738658011465,0.81825135785,0.77799369648,0.436363636364
424,0.538381927859,0.543304866819,0.628004707555,0.520005839395,0.52144825366,0.626826194784,0.718709981693,0.70158331836,0.418181818182
425,0.630488717606,0.636454232419,0.624916862158,0.594786473793,0.595492973937,0.625017065242,0.779554766881,0.768421363624,0.327272727273
426,0.532117773049,0.540264598398,0.624555492273,0.50957018144,0.51017881729,0.625205185045,0.857421717645,0.756451277336,0.6
427,0.558795425021,0.565453044507,0.507448086542,0.544156368169,0.546499788025,0.507613643674,0.730985636135,0.710057257725,0.418181818182
428,0.570978965103,0.576147927751,0.156370079169,0.561055389205,0.560823991576,0.16967291955,0.723884745019,0.549046500928,0.418181818182
429,0.627653167534,0.638408063269,0.751672679803,0.621274087877,0.624095103487,0.75050952114,0.708370274437,0.800703441405,0.581818181818
430,0.739756926936,0.742100698556,0.374538857676,0.736464345414,0.734852721369,0.374131757111,0.88522760114,0.787632621615,0.563636363636
431,0.694653376031,0.701253557369,0.378229437439,0.700136534618,0.7022055391,0.379326447552,0.844353812456,0.776665106005,0.690909090909
432,0.511336368243,0.519116548384,0.396168054369,0.503319186726,0.504804170675,0.402994284315,0.696024755724,0.625838980681,0.581818181818
433,0.746025744506,0.751562476123,0.728648993,0.711847663602,0.713296298353,0.719818780942,0.914018226306,0.938313862325,0.218181818182
434,0.406025363219,0.410657067132,0.764259280758,0.385432330806,0.385923188225,0.766328243614,0.571188126209,0.555164767848,0.309090909091
435,0.526599115452,0.526977584923,0.513512637193,0.503417789668,0.502171906087,0.517068804628,0.672645802919,0.553185327397,0.690909090909
436,0.666257393133,0.671331173186,0.628328002134,0.651852852499,0.654838568302,0.626231113099,0.666417567554,0.729488202258,0.981818181818
437,0.654746441314,0.658326768917,0.625653120837,0.647294660343,0.646696365433,0.62358702213,0.736811542486,0.73650619701,0.418181818182
438,0.478043120463,0.48715636797,0.754612250862,0.437273422967,0.438231706444,0.758294774879,0.764020355751,0.700051421423,0.309090909091
439,0.775891859657,0.774367856904,0.729853040292,0.73331198095,0.732338911173,0.720702841609,0.819524217329,0.850057261647,0.636363636364
440,0.602197409304,0.60452139436,0.63108264809,0.535553969461,0.535664424536,0.632203597235,0.65316107239,0.706246791063,0.454545454545
441,0.59862529013,0.60489730074,0.15641631457,0.542939427768,0.545300233984,0.171635541764,0.643522422551,0.573320863731,0.545454545455
442,0.563764537147,0.567866545398,0.633939877973,0.537034599867,0.537530900226,0.634764758854,0.648474509831,0.668133914798,0.509090909091
443,0.696243345008,0.699931578554,0.497546420298,0.658477166888,0.659330398676,0.497238730263,0.81653890587,0.782880346133,0.654545454545
444,0.879032101909,0.871577298029,0.721493832484,0.816978389776,0.812525500833,0.709137547963,0.882021391458,0.904454316213,0.454545454545
445,0.367357545419,0.377418418622,0.764994857052,0.368155241132,0.370749477941,0.768285226414,0.623841007118,0.582036700137,0.218181818182
446,0.630837549101,0.637103414521,0.27360006382,0.603740888232,0.605113147307,0.283512717525,0.68321867783,0.636485156517,0.654545454545
447,0.437690665282,0.45042445079,0.646269004267,0.422262619119,0.426603799313,0.651744180565,0.578149885977,0.646821692637,0.545454545455
448,0.456218929643,0.464450419215,0.635332791637,0.449364791676,0.450554882782,0.638371381119,0.731332155562,0.644664646631,0.381818181818
449,0.824201475793,0.82517975883,0.849625164708,0.811867215854,0.810152617542,0.836597676645,0.845060397125,0.944164531297,0.636363636364
